Div,Date,HomeTeam,AwayTeam,FTHG,FTAG,FTR,HTHG,HTAG,HS,AS,HST,AST,HF,AF,HC,AC,HY,AY,HR,AR,B365H,B365D,B365A,BWH,BWD,BWA,IWH,IWD,IWA,WHH,WHD,WHA
D1,09/08/13,Bayern Munich,M'gladbach,3,1,H,2,1,26,11,9,4,12,11,6,4,1,3,0,0,1.13,8.5,19.0,1.14,8.25,15.0,1.2,5.8,13.0,1.14,6.5,15.0
D1,10/08/13,Augsburg,Dortmund,0,4,A,0,1,11,13,4,9,18,12,5,6,2,0,0,0,7.0,4.33,1.44,7.5,4.6,1.4,6.1,4.0,1.5,7.5,3.75,1.5
D1,10/08/13,Braunschweig,Werder Bremen,0,1,A,0,0,13,12,3,4,10,18,2,7,1,0,0,0,2.7,3.4,2.5,2.7,3.4,2.5,2.7,3.4,2.4,2.75,3.1,2.62
D1,10/08/13,Hannover,Wolfsburg,2,0,H,1,0,20,15,8,4,28,11,7,2,4,0,0,2,2.6,3.4,2.6,2.65,3.4,2.55,2.4,3.3,2.75,2.75,3.0,2.75
D1,10/08/13,Hertha,Ein Frankfurt,6,1,H,2,1,16,10,9,4,19,18,5,4,0,2,0,0,2.2,3.4,3.2,2.4,3.3,2.9,2.2,3.3,3.1,2.4,3.1,3.1
D1,10/08/13,Hoffenheim,Nurnberg,2,2,D,1,0,23,12,8,5,17,17,6,9,1,4,0,0,2.1,3.3,3.5,2.05,3.3,3.6,2.0,3.4,3.5,2.2,3.1,3.5
D1,10/08/13,Leverkusen,Freiburg,3,1,H,1,1,18,8,6,3,11,16,5,2,2,2,0,0,1.44,4.5,6.5,1.45,4.5,6.5,1.4,4.4,7.3,1.5,3.75,7.5
D1,11/08/13,Mainz,Stuttgart,3,2,H,1,1,9,15,7,10,15,13,2,8,2,4,0,0,2.4,3.4,2.8,2.4,3.3,2.9,2.4,3.4,2.7,2.5,3.1,2.9
D1,11/08/13,Schalke 04,Hamburg,3,3,D,2,2,19,16,8,6,15,11,3,7,1,2,0,0,1.44,4.33,7.0,1.44,4.5,6.75,1.6,3.7,5.4,1.5,4.0,7.0
D1,17/08/13,Ein Frankfurt,Bayern Munich,0,1,A,0,1,9,15,3,7,9,17,6,5,1,1,0,0,10.0,5.25,1.29,9.0,6.25,1.26,7.6,4.8,1.35,10.0,5.5,1.29
D1,17/08/13,Freiburg,Mainz,1,2,A,0,0,9,12,3,8,17,7,2,4,0,3,0,0,2.25,3.4,3.1,2.3,3.4,3.0,2.3,3.3,2.9,2.38,3.4,2.88
D1,17/08/13,Hamburg,Hoffenheim,1,5,A,1,1,8,18,4,7,15,22,2,4,2,2,0,0,2.0,3.6,3.5,2.05,3.4,3.5,2.0,3.4,3.5,2.05,3.5,3.4
D1,17/08/13,M'gladbach,Hannover,3,0,H,1,0,17,16,8,4,9,19,1,3,1,4,0,0,1.83,3.5,4.33,1.83,3.6,4.2,1.85,3.45,4.0,1.83,3.6,4.2
D1,17/08/13,Stuttgart,Leverkusen,0,1,A,0,1,17,13,3,3,13,15,10,3,3,2,0,0,3.5,3.25,2.1,3.4,3.5,2.05,3.1,3.3,2.2,3.25,3.4,2.15
D1,17/08/13,Werder Bremen,Augsburg,1,0,H,1,0,5,20,2,4,16,14,3,7,3,4,0,0,1.91,3.5,4.0,1.87,3.5,4.1,1.8,3.5,4.2,1.8,3.6,4.33
D1,17/08/13,Wolfsburg,Schalke 04,4,0,H,0,0,20,6,8,2,18,16,11,3,0,2,0,0,2.88,3.3,2.4,2.8,3.4,2.4,2.55,3.4,2.55,2.88,3.4,2.38
D1,18/08/13,Dortmund,Braunschweig,2,1,H,0,0,24,8,6,3,8,12,4,3,0,1,0,0,1.17,7.5,13.0,1.15,7.5,16.0,1.17,6.5,14.0,1.17,7.0,15.0
D1,18/08/13,Nurnberg,Hertha,2,2,D,1,0,11,12,5,5,16,17,4,5,5,2,0,0,2.3,3.4,3.0,2.35,3.4,2.9,2.3,3.3,2.9,2.38,3.4,2.9
D1,23/08/13,Dortmund,Werder Bremen,1,0,H,0,0,32,7,8,1,14,13,7,2,0,0,0,0,1.2,6.5,13.0,1.2,6.75,12.0,1.22,5.5,12.0,1.22,6.0,12.0
D1,24/08/13,Bayern Munich,Nurnberg,2,0,H,0,0,26,5,9,1,13,8,10,1,3,1,0,0,1.1,9.0,26.0,1.1,9.25,21.0,1.12,8.0,16.0,1.08,10.0,26.0
D1,24/08/13,Hannover,Schalke 04,2,1,H,2,0,14,8,6,2,19,23,7,1,2,0,1,2,2.63,3.4,2.6,2.55,3.5,2.6,2.55,3.4,2.55,2.7,3.75,2.38
D1,24/08/13,Hertha,Hamburg,1,0,H,0,0,16,15,5,7,16,18,6,9,1,4,0,0,1.91,3.6,3.8,1.85,3.7,3.9,1.9,3.45,3.8,1.85,3.75,4.0
D1,24/08/13,Hoffenheim,Freiburg,3,3,D,2,2,13,11,5,6,15,22,2,4,1,3,1,3,1.75,3.75,4.5,1.78,3.6,4.4,1.85,3.5,3.9,1.8,3.75,4.2
D1,24/08/13,Leverkusen,M'gladbach,4,2,H,2,0,19,10,11,3,10,14,7,3,0,1,0,0,1.67,3.8,5.0,1.65,3.9,5.0,1.6,3.9,5.0,1.7,3.8,4.8
D1,24/08/13,Mainz,Wolfsburg,2,0,H,0,0,12,16,4,6,16,15,2,5,3,1,0,1,2.63,3.4,2.6,2.65,3.5,2.5,2.55,3.4,2.55,2.6,3.4,2.62
D1,25/08/13,Augsburg,Stuttgart,2,1,H,2,1,17,9,5,2,19,18,9,7,2,3,0,1,2.3,3.4,3.0,2.35,3.3,2.95,2.4,3.3,2.75,2.3,3.3,3.1
D1,25/08/13,Braunschweig,Ein Frankfurt,0,2,A,0,0,9,20,4,4,12,18,2,8,2,1,0,0,2.7,3.4,2.5,2.7,3.5,2.45,2.65,3.3,2.5,2.8,3.3,2.5
D1,27/08/13,Freiburg,Bayern Munich,1,1,D,0,1,8,17,3,8,17,10,3,6,2,1,0,0,13.0,5.5,1.25,9.25,6.25,1.25,9.0,5.0,1.3,10.0,5.5,1.29
D1,31/08/13,Hamburg,Braunschweig,4,0,H,2,0,26,17,13,5,19,21,7,2,1,4,0,0,1.75,3.75,4.5,1.78,3.7,4.33,1.8,3.5,4.2,1.8,3.6,4.5
D1,31/08/13,Hannover,Mainz,4,1,H,2,1,16,13,5,2,19,10,5,3,3,1,0,0,2.4,3.5,2.75,2.45,3.5,2.7,2.3,3.3,2.9,2.6,3.3,2.7
D1,31/08/13,M'gladbach,Werder Bremen,4,1,H,1,0,20,10,8,2,13,13,1,5,3,0,0,0,1.75,3.75,4.5,1.72,3.75,4.6,1.8,3.5,4.2,1.8,3.75,4.2
D1,31/08/13,Nurnberg,Augsburg,0,1,A,0,0,7,24,1,7,10,18,2,12,4,2,1,0,2.5,3.3,2.8,2.35,3.4,2.9,2.3,3.2,3.0,2.5,3.3,2.8
D1,31/08/13,Schalke 04,Leverkusen,2,0,H,1,0,12,11,3,1,14,18,2,6,0,3,0,0,3.2,3.5,2.15,3.25,3.6,2.1,2.75,3.3,2.4,3.2,3.6,2.15
D1,31/08/13,Wolfsburg,Hertha,2,0,H,2,0,18,8,6,4,16,15,2,2,1,2,0,0,1.91,3.6,3.75,1.91,3.7,3.7,2.0,3.4,3.5,1.95,3.75,3.6
D1,01/09/13,Ein Frankfurt,Dortmund,1,2,A,1,1,17,16,4,8,6,19,8,6,1,2,0,0,6.0,4.33,1.5,6.0,4.5,1.48,6.1,4.0,1.5,5.5,4.4,1.53
D1,01/09/13,Stuttgart,Hoffenheim,6,2,H,3,1,13,12,7,3,20,20,3,5,2,2,0,0,2.3,3.5,2.9,2.4,3.4,2.85,2.2,3.3,3.1,2.3,3.6,2.88
D1,13/09/13,Hertha,Stuttgart,0,1,A,0,0,19,8,8,5,13,12,7,4,1,1,0,0,2.15,3.4,3.3,2.3,3.5,3.1,2.2,3.3,3.1,2.25,3.5,3.0
D1,14/09/13,Augsburg,Freiburg,2,1,H,0,0,14,5,6,1,16,21,10,3,1,2,0,0,2.0,3.4,3.75,2.0,3.5,3.6,2.1,3.3,3.3,2.05,3.4,3.6
D1,14/09/13,Bayern Munich,Hannover,2,0,H,0,0,18,13,8,2,14,12,13,4,3,3,0,0,1.13,8.5,21.0,1.12,9.25,15.0,1.12,8.0,16.0,1.14,8.5,15.0
D1,14/09/13,Dortmund,Hamburg,6,2,H,2,1,32,4,14,2,11,19,7,2,0,4,0,0,1.25,6.0,11.0,1.23,6.5,10.0,1.25,5.5,10.3,1.29,5.5,10.0
D1,14/09/13,Leverkusen,Wolfsburg,3,1,H,1,1,14,14,7,5,17,12,4,3,2,2,0,1,1.8,3.75,4.2,1.8,4.0,4.2,1.75,3.5,4.5,1.75,4.0,4.2
D1,14/09/13,Mainz,Schalke 04,0,1,A,0,1,14,10,0,5,15,19,1,5,1,3,0,0,2.6,3.4,2.6,2.7,3.5,2.6,2.6,3.2,2.6,2.5,3.6,2.62
D1,14/09/13,Werder Bremen,Ein Frankfurt,0,3,A,0,2,12,14,4,6,14,13,5,10,2,0,1,0,2.45,3.3,2.8,2.5,3.4,2.7,2.35,3.3,2.85,2.5,3.3,2.8
D1,15/09/13,Braunschweig,Nurnberg,1,1,D,0,1,23,9,7,2,17,18,6,3,3,2,0,0,2.7,3.25,2.6,2.75,3.3,2.65,2.65,3.3,2.5,2.7,3.3,2.6
D1,15/09/13,Hoffenheim,M'gladbach,2,1,H,1,0,10,16,4,3,16,7,2,3,3,2,0,0,2.6,3.4,2.6,2.6,3.6,2.65,2.5,3.3,2.65,2.6,3.75,2.45
D1,20/09/13,M'gladbach,Braunschweig,4,1,H,2,0,13,12,7,3,11,12,0,1,1,2,0,1,1.36,4.75,8.0,1.36,5.0,8.0,1.4,4.4,7.3,1.4,4.75,7.5
D1,21/09/13,Hamburg,Werder Bremen,0,2,A,0,1,19,16,7,6,15,18,4,6,2,4,0,0,1.95,3.4,3.9,1.95,3.7,3.6,2.0,3.4,3.5,2.0,3.3,3.8
D1,21/09/13,Hannover,Augsburg,2,1,H,0,0,15,12,8,2,21,18,8,1,3,4,0,0,2.5,3.3,2.75,2.45,3.3,2.85,2.2,3.4,3.0,2.62,3.2,2.7
D1,21/09/13,Mainz,Leverkusen,1,4,A,0,3,14,13,2,5,14,11,4,4,1,1,0,0,3.5,3.5,2.05,3.4,3.5,2.05,3.1,3.3,2.2,3.5,3.2,2.15
D1,21/09/13,Nurnberg,Dortmund,1,1,D,0,1,10,18,3,6,7,12,3,9,1,2,0,0,8.0,5.25,1.33,8.5,5.5,1.3,7.3,4.4,1.4,8.0,4.5,1.4
D1,21/09/13,Schalke 04,Bayern Munich,0,4,A,0,2,10,14,1,5,7,6,5,5,1,0,0,0,5.5,4.33,1.53,5.25,4.5,1.53,5.4,3.7,1.6,6.0,3.8,1.57
D1,21/09/13,Wolfsburg,Hoffenheim,2,1,H,1,1,15,7,6,2,15,20,6,6,1,4,0,0,1.73,4.0,4.2,1.7,3.8,4.6,1.8,3.5,4.2,1.75,3.4,5.0
D1,22/09/13,Freiburg,Hertha,1,1,D,1,1,8,8,2,4,22,12,9,2,2,4,0,0,2.38,3.4,2.9,2.4,3.4,2.8,2.3,3.3,2.9,2.62,3.2,2.7
D1,22/09/13,Stuttgart,Ein Frankfurt,1,1,D,1,1,14,16,4,4,10,13,4,7,3,2,0,0,2.15,3.4,3.3,2.25,3.5,3.0,2.1,3.4,3.2,2.2,3.5,3.1
D1,27/09/13,Augsburg,M'gladbach,2,2,D,1,1,20,8,5,3,9,13,3,3,2,3,0,0,2.5,3.25,2.8,2.55,3.4,2.65,2.6,3.2,2.6,2.4,3.4,2.8
D1,28/09/13,Bayern Munich,Wolfsburg,1,0,H,0,0,11,4,4,2,12,24,8,2,2,1,0,0,1.14,8.0,15.0,1.17,8.0,11.5,1.15,7.0,15.0,1.17,7.0,15.0
D1,28/09/13,Dortmund,Freiburg,5,0,H,2,0,27,2,13,2,13,11,10,0,0,1,0,1,1.18,7.0,13.0,1.22,6.5,10.5,1.17,7.0,13.0,1.22,5.5,15.0
D1,28/09/13,Ein Frankfurt,Hamburg,2,2,D,1,1,9,11,5,3,21,16,9,6,2,1,0,0,1.8,3.6,4.33,1.8,3.75,4.1,1.85,3.5,3.9,1.83,3.5,4.2
D1,28/09/13,Hertha,Mainz,3,1,H,0,1,9,7,4,5,27,20,5,5,1,4,0,0,2.0,3.6,3.5,2.0,3.4,3.7,2.15,3.3,3.2,2.1,3.2,3.6
D1,28/09/13,Hoffenheim,Schalke 04,3,3,D,1,3,12,12,6,5,23,24,2,7,3,2,0,0,2.8,3.3,2.5,2.7,3.4,2.5,2.6,3.2,2.6,2.8,3.2,2.5
D1,28/09/13,Leverkusen,Hannover,2,0,H,2,0,19,8,8,2,12,17,4,9,0,0,0,0,1.33,5.0,9.0,1.35,5.5,7.0,1.35,4.8,7.6,1.4,4.2,9.0
D1,29/09/13,Braunschweig,Stuttgart,0,4,A,0,1,10,15,2,8,12,19,8,4,0,1,0,0,4.0,3.5,1.91,3.6,3.7,1.95,3.6,3.3,2.0,3.75,3.2,2.05
D1,29/09/13,Werder Bremen,Nurnberg,3,3,D,2,1,15,17,7,8,16,9,4,4,2,2,0,0,2.05,3.5,3.4,2.05,3.3,3.7,2.0,3.3,3.6,2.05,3.25,3.75
D1,04/10/13,Hannover,Hertha,1,1,D,1,0,14,10,5,2,18,21,8,9,3,3,0,0,2.25,3.4,3.1,2.3,3.3,3.1,2.2,3.3,3.1,2.3,3.5,2.9
D1,05/10/13,Leverkusen,Bayern Munich,1,1,D,1,1,5,27,3,11,15,8,2,14,1,1,0,0,5.0,4.2,1.6,5.25,4.0,1.6,4.75,3.8,1.65,5.5,3.5,1.67
D1,05/10/13,Mainz,Hoffenheim,2,2,D,0,2,17,14,8,5,23,16,7,1,2,2,0,0,2.25,3.5,3.0,2.35,3.5,2.8,2.25,3.3,3.0,2.4,3.3,2.9
D1,05/10/13,M'gladbach,Dortmund,2,0,H,0,0,6,27,3,8,8,9,1,9,2,2,0,1,5.0,3.75,1.67,4.6,3.9,1.7,4.5,3.5,1.75,5.0,3.75,1.67
D1,05/10/13,Schalke 04,Augsburg,4,1,H,2,1,13,10,6,3,9,10,2,3,1,3,0,1,1.73,3.8,4.5,1.72,3.75,4.6,1.7,3.7,4.5,1.8,3.5,4.5
D1,05/10/13,Stuttgart,Werder Bremen,1,1,D,1,1,20,7,6,2,11,9,13,1,1,2,0,0,1.7,3.8,4.75,1.72,3.8,4.5,1.8,3.5,4.2,1.8,3.5,4.5
D1,05/10/13,Wolfsburg,Braunschweig,0,2,A,0,1,17,7,3,3,21,26,7,2,2,3,0,0,1.29,5.5,9.5,1.28,6.0,8.75,1.3,5.0,9.0,1.29,5.5,10.0
D1,06/10/13,Freiburg,Ein Frankfurt,1,1,D,0,0,13,11,4,5,12,20,7,10,3,2,0,1,2.7,3.4,2.5,2.7,3.3,2.55,2.5,3.3,2.65,2.8,3.1,2.62
D1,06/10/13,Nurnberg,Hamburg,0,5,A,0,1,7,16,2,13,16,15,5,4,1,0,0,0,2.38,3.5,2.8,2.5,3.5,2.65,2.4,3.3,2.75,2.5,3.2,2.8
D1,18/10/13,Hoffenheim,Leverkusen,1,2,A,0,1,20,12,8,4,12,18,8,10,0,4,0,0,3.25,3.6,2.1,3.5,3.4,2.05,3.3,3.3,2.1,3.2,3.6,2.15
D1,19/10/13,Bayern Munich,Mainz,4,1,H,0,1,18,13,6,4,12,14,8,5,1,0,0,0,1.1,9.0,23.0,1.1,10.0,17.0,1.12,8.0,16.0,1.1,9.0,21.0
D1,19/10/13,Braunschweig,Schalke 04,2,3,A,1,1,14,14,4,6,13,21,1,9,0,1,0,0,4.75,3.6,1.73,4.6,3.9,1.7,4.5,3.5,1.75,4.8,3.5,1.75
D1,19/10/13,Dortmund,Hannover,1,0,H,1,0,18,10,8,5,11,15,10,2,1,3,0,0,1.22,6.5,11.0,1.22,6.75,10.0,1.2,6.0,12.5,1.22,6.0,12.0
D1,19/10/13,Ein Frankfurt,Nurnberg,1,1,D,0,0,15,10,3,4,22,14,6,1,2,3,0,0,1.57,4.0,5.5,1.57,4.1,5.5,1.65,3.6,5.1,1.62,4.0,5.0
D1,19/10/13,Hertha,M'gladbach,1,0,H,1,0,5,13,2,4,15,14,7,5,2,1,0,1,2.38,3.4,2.9,2.55,3.3,2.7,2.5,3.3,2.65,2.5,3.25,2.8
D1,19/10/13,Werder Bremen,Freiburg,0,0,D,0,0,18,11,4,2,21,12,7,8,1,2,0,0,1.95,3.4,3.8,2.0,3.5,3.6,1.85,3.45,4.0,2.1,3.4,3.4
D1,20/10/13,Augsburg,Wolfsburg,1,2,A,1,2,11,13,8,6,21,18,3,2,2,3,0,0,2.38,3.4,2.88,2.45,3.3,2.85,2.4,3.3,2.75,2.5,3.3,2.75
D1,20/10/13,Hamburg,Stuttgart,3,3,D,1,2,20,9,6,3,16,12,10,0,1,2,0,1,2.3,3.4,3.0,2.35,3.5,2.8,2.3,3.3,2.9,2.4,3.3,2.88
D1,25/10/13,Stuttgart,Nurnberg,1,1,D,1,1,10,7,4,6,11,15,2,4,2,1,0,0,1.62,4.0,5.0,1.62,4.0,5.0,1.65,3.6,5.1,1.62,4.2,5.0
D1,26/10/13,Bayern Munich,Hertha,3,2,H,1,1,13,10,5,5,10,13,4,5,3,4,0,0,1.1,9.0,21.0,1.1,10.0,16.5,1.12,8.0,16.0,1.1,9.0,26.0
D1,26/10/13,Hannover,Hoffenheim,1,4,A,0,2,11,10,3,5,21,11,8,1,3,2,2,0,2.3,3.5,2.9,2.25,3.5,3.0,2.2,3.3,3.1,2.3,3.5,2.9
D1,26/10/13,Leverkusen,Augsburg,2,1,H,1,1,24,11,7,1,7,9,13,7,1,3,0,0,1.5,4.33,6.0,1.48,4.4,6.25,1.45,4.0,7.0,1.53,4.0,6.0
D1,26/10/13,Mainz,Braunschweig,2,0,H,1,0,9,6,3,1,25,17,0,8,2,3,0,0,1.57,4.1,5.25,1.57,4.0,5.75,1.55,4.1,5.3,1.6,3.6,6.0
D1,26/10/13,Schalke 04,Dortmund,1,3,A,0,1,12,10,5,8,11,12,2,2,3,1,0,0,4.2,3.6,1.83,4.0,3.75,1.83,3.8,3.45,1.9,4.2,3.5,1.83
D1,26/10/13,Wolfsburg,Werder Bremen,3,0,H,1,0,19,8,12,2,12,17,5,4,1,2,0,0,1.62,3.75,5.5,1.65,3.75,5.25,1.75,3.5,4.5,1.7,3.6,5.0
D1,27/10/13,Freiburg,Hamburg,0,3,A,0,1,9,17,2,7,14,12,4,4,2,1,0,0,2.6,3.4,2.6,2.6,3.4,2.6,2.5,3.3,2.65,2.7,3.1,2.7
D1,27/10/13,M'gladbach,Ein Frankfurt,4,1,H,2,1,13,11,4,4,8,13,1,3,2,4,0,0,2.05,3.5,3.4,2.0,3.5,3.6,1.9,3.45,3.8,2.1,3.3,3.5
D1,01/11/13,Dortmund,Stuttgart,6,1,H,2,1,17,3,10,1,15,4,6,1,1,0,0,0,1.22,6.0,12.0,1.25,6.25,9.5,1.27,5.5,9.0,1.25,5.5,12.0
D1,02/11/13,Braunschweig,Leverkusen,1,0,H,0,0,17,16,7,8,12,21,4,4,2,2,0,1,7.0,4.33,1.44,5.75,4.6,1.48,7.0,4.0,1.45,7.0,4.0,1.5
D1,02/11/13,Ein Frankfurt,Wolfsburg,1,2,A,1,1,10,10,5,3,15,16,8,1,3,2,0,0,2.3,3.4,3.0,2.35,3.3,3.0,2.35,3.4,2.8,2.4,3.2,3.0
D1,02/11/13,Hamburg,M'gladbach,0,2,A,0,1,17,8,8,4,11,12,7,2,0,2,0,0,2.3,3.5,2.9,2.35,3.5,2.85,2.3,3.3,2.9,2.3,3.2,3.2
D1,02/11/13,Hertha,Schalke 04,0,2,A,0,1,18,11,9,5,21,18,6,4,3,1,0,0,2.3,3.4,3.0,2.3,3.5,2.9,2.3,3.4,2.85,2.3,3.2,3.2
D1,02/11/13,Hoffenheim,Bayern Munich,1,2,A,1,1,7,17,3,7,20,16,6,4,2,0,0,0,12.0,6.0,1.25,8.5,6.0,1.28,9.0,5.0,1.3,11.0,5.0,1.3
D1,02/11/13,Nurnberg,Freiburg,0,3,A,0,0,20,14,12,8,10,15,9,5,0,1,0,1,2.0,3.4,3.75,2.0,3.5,3.6,2.0,3.3,3.6,2.05,3.3,3.6
D1,03/11/13,Augsburg,Mainz,2,1,H,1,0,19,11,7,4,13,21,6,3,3,3,0,1,2.0,3.5,3.6,2.0,3.4,3.7,2.1,3.3,3.3,2.05,3.3,3.6
D1,03/11/13,Werder Bremen,Hannover,3,2,H,2,2,12,18,6,6,20,24,3,6,3,4,0,0,2.25,3.5,3.0,2.25,3.4,3.1,2.0,3.4,3.5,2.3,3.2,3.2
D1,08/11/13,Hannover,Braunschweig,0,0,D,0,0,19,8,6,1,27,16,6,2,1,1,0,0,1.62,3.8,5.5,1.7,3.8,4.6,1.75,3.5,4.5,1.67,3.8,5.0
D1,09/11/13,Bayern Munich,Augsburg,3,0,H,2,0,23,6,9,0,12,11,9,4,0,0,0,0,1.13,8.0,19.0,1.12,9.5,14.5,1.12,8.0,16.0,1.12,8.5,19.0
D1,09/11/13,Hoffenheim,Hertha,2,3,A,0,1,9,11,7,5,22,20,3,3,2,2,0,0,2.2,3.4,3.2,2.05,3.5,3.4,2.0,3.4,3.5,2.2,3.5,3.1
D1,09/11/13,Leverkusen,Hamburg,5,3,H,2,1,20,11,7,6,12,19,3,6,3,4,0,0,1.5,4.33,6.0,1.53,4.1,6.0,1.6,3.8,5.2,1.55,4.33,5.5
D1,09/11/13,M'gladbach,Nurnberg,3,1,H,0,1,12,19,4,3,8,18,6,3,2,2,0,0,1.53,4.1,6.0,1.53,4.33,5.5,1.5,4.0,6.1,1.55,4.0,6.0
D1,09/11/13,Schalke 04,Werder Bremen,3,1,H,0,1,17,9,6,3,16,19,6,2,2,4,0,0,1.57,4.0,5.5,1.6,4.33,4.75,1.65,3.6,5.1,1.62,4.2,5.0
D1,09/11/13,Wolfsburg,Dortmund,2,1,H,0,1,10,12,4,2,13,19,5,2,2,4,0,0,4.5,3.8,1.73,5.0,3.8,1.65,4.5,3.7,1.7,4.33,4.0,1.73
D1,10/11/13,Freiburg,Stuttgart,1,3,A,0,2,19,10,5,7,7,13,7,2,2,1,0,0,3.0,3.4,2.3,2.75,3.5,2.4,2.65,3.3,2.5,2.8,3.5,2.4
D1,10/11/13,Mainz,Ein Frankfurt,1,0,H,0,0,20,14,9,4,20,17,6,6,4,1,0,0,2.5,3.3,2.88,2.45,3.3,2.8,2.4,3.3,2.75,2.45,3.4,2.8
D1,22/11/13,Stuttgart,M'gladbach,0,2,A,0,1,9,19,2,11,14,10,1,5,0,2,0,0,2.3,3.5,2.9,2.25,3.5,2.95,2.3,3.3,2.9,2.1,3.7,3.1
D1,23/11/13,Augsburg,Hoffenheim,2,0,H,2,0,16,8,5,3,14,24,5,4,2,3,0,0,2.1,3.5,3.3,2.2,3.5,3.1,2.2,3.3,3.1,2.2,3.3,3.3
D1,23/11/13,Braunschweig,Freiburg,0,1,A,0,0,21,8,7,2,14,17,6,1,3,1,0,0,2.4,3.3,2.9,2.3,3.4,2.95,2.1,3.3,3.3,2.4,3.1,3.1
D1,23/11/13,Dortmund,Bayern Munich,0,3,A,0,0,7,10,4,5,7,13,2,3,2,3,0,0,3.6,3.6,2.0,3.7,3.6,1.95,3.5,3.35,2.1,3.5,3.3,2.1
D1,23/11/13,Ein Frankfurt,Schalke 04,3,3,D,0,2,15,13,8,9,22,20,5,1,4,0,0,0,2.6,3.4,2.6,2.6,3.5,2.55,2.6,3.2,2.6,2.7,3.1,2.7
D1,23/11/13,Hertha,Leverkusen,0,1,A,0,1,12,4,2,2,15,14,9,1,1,1,0,0,3.0,3.25,2.38,2.9,3.5,2.3,2.9,3.3,2.3,3.0,3.0,2.5
D1,23/11/13,Nurnberg,Wolfsburg,1,1,D,0,1,11,23,6,6,19,17,3,5,1,1,0,0,3.2,3.4,2.2,3.4,3.3,2.15,3.3,3.3,2.1,3.3,3.3,2.2
D1,24/11/13,Hamburg,Hannover,3,1,H,1,1,19,11,9,4,19,24,7,3,3,2,0,1,2.0,3.6,3.5,2.05,3.5,3.4,2.0,3.3,3.6,2.1,3.3,3.5
D1,24/11/13,Werder Bremen,Mainz,2,3,A,0,2,24,18,8,7,18,22,7,9,1,2,0,0,2.38,3.4,2.88,2.35,3.5,2.8,2.2,3.3,3.1,2.4,3.2,3.0
D1,29/11/13,Wolfsburg,Hamburg,1,1,D,1,1,20,17,4,8,16,12,2,3,4,1,0,0,1.8,3.6,4.33,1.83,3.75,4.0,1.85,3.5,3.9,1.83,3.5,4.33
D1,30/11/13,Bayern Munich,Braunschweig,2,0,H,2,0,18,8,8,3,9,17,6,3,0,0,0,0,1.06,15.0,51.0,1.06,12.5,23.0,1.08,9.5,22.0,1.08,10.0,34.0
D1,30/11/13,Hertha,Augsburg,0,0,D,0,0,9,2,2,0,16,22,6,3,1,1,0,0,2.0,3.5,3.6,2.0,3.5,3.6,2.1,3.3,3.3,2.0,3.3,3.8
D1,30/11/13,Hoffenheim,Werder Bremen,4,4,D,2,2,18,13,8,6,28,20,3,9,2,5,0,0,1.8,3.75,4.2,1.8,3.8,4.0,1.9,3.45,3.8,1.83,3.4,4.5
D1,30/11/13,Leverkusen,Nurnberg,3,0,H,1,0,17,16,7,5,18,14,4,5,1,3,0,0,1.44,4.5,6.5,1.42,4.75,6.75,1.4,4.4,7.3,1.44,4.33,7.0
D1,30/11/13,Mainz,Dortmund,1,3,A,0,0,12,16,6,6,11,16,6,5,1,0,1,0,5.0,4.33,1.57,5.0,4.5,1.55,5.1,3.6,1.65,5.5,3.8,1.6
D1,30/11/13,Schalke 04,Stuttgart,3,0,H,1,0,12,9,5,1,15,17,5,2,2,0,0,0,1.67,3.8,5.0,1.75,4.0,4.1,1.8,3.5,4.2,1.8,3.5,4.5
D1,01/12/13,Hannover,Ein Frankfurt,2,0,H,1,0,13,12,3,4,19,18,7,7,1,2,0,1,2.4,3.4,2.8,2.4,3.5,2.75,2.45,3.3,2.7,2.5,3.2,2.8
D1,01/12/13,M'gladbach,Freiburg,1,0,H,0,0,12,9,4,4,8,14,6,4,1,2,0,0,1.4,4.33,8.5,1.42,4.75,6.75,1.45,4.0,7.0,1.44,4.0,8.0
D1,06/12/13,Nurnberg,Mainz,1,1,D,1,0,16,12,5,4,6,11,14,3,1,2,0,1,2.6,3.2,2.75,2.55,3.25,2.75,2.5,3.3,2.65,2.6,3.4,2.62
D1,07/12/13,Dortmund,Leverkusen,0,1,A,0,1,13,7,5,4,18,25,3,4,1,4,1,1,1.5,4.33,6.0,1.5,4.4,5.75,1.55,4.0,5.5,1.57,3.8,6.0
D1,07/12/13,Ein Frankfurt,Hoffenheim,1,2,A,0,0,13,11,7,4,21,27,4,4,5,2,0,0,2.1,3.6,3.25,2.1,3.6,3.2,2.15,3.3,3.2,2.1,3.6,3.25
D1,07/12/13,Hamburg,Augsburg,0,1,A,0,1,8,16,5,6,17,17,7,11,2,1,0,0,2.05,3.5,3.5,2.0,3.7,3.4,2.0,3.3,3.6,2.1,3.3,3.5
D1,07/12/13,M'gladbach,Schalke 04,2,1,H,2,1,19,9,8,3,11,17,8,1,1,3,0,1,2.25,3.4,3.1,2.25,3.5,3.0,2.2,3.3,3.1,2.25,3.2,3.3
D1,07/12/13,Stuttgart,Hannover,4,2,H,2,2,13,14,8,4,15,20,3,3,1,2,0,0,2.0,3.5,3.6,1.95,3.6,3.6,1.85,3.5,3.9,2.05,3.3,3.6
D1,07/12/13,Werder Bremen,Bayern Munich,0,7,A,0,3,6,17,2,10,13,15,2,7,4,2,0,0,12.0,6.0,1.22,9.75,6.0,1.25,9.0,6.0,1.25,13.0,5.5,1.25
D1,08/12/13,Braunschweig,Hertha,0,2,A,0,1,13,16,2,6,18,22,8,2,2,4,1,0,3.5,3.3,2.1,3.3,3.4,2.15,3.0,3.3,2.25,3.25,3.4,2.15
D1,08/12/13,Freiburg,Wolfsburg,0,3,A,0,2,13,17,2,7,11,16,4,7,0,1,0,0,3.75,3.4,2.0,3.5,3.6,2.0,3.2,3.3,2.15,3.5,3.3,2.1
D1,13/12/13,Hertha,Werder Bremen,3,2,H,2,2,12,9,4,4,15,21,6,4,1,2,0,0,1.62,4.0,5.25,1.6,4.0,5.25,1.7,3.7,4.5,1.55,4.0,6.0
D1,14/12/13,Augsburg,Braunschweig,4,1,H,3,0,20,9,8,1,16,14,5,0,2,2,0,0,1.5,4.0,7.0,1.5,4.25,6.0,1.57,3.75,5.6,1.57,3.75,6.0
D1,14/12/13,Bayern Munich,Hamburg,3,1,H,1,0,22,13,8,6,13,15,5,2,0,2,0,0,1.1,9.0,21.0,1.09,10.5,17.5,1.12,8.0,16.0,1.1,9.0,21.0
D1,14/12/13,Hannover,Nurnberg,3,3,D,0,3,21,16,6,6,13,21,5,7,3,2,0,0,1.95,3.5,3.75,1.91,3.5,3.9,2.0,3.3,3.6,2.0,3.2,4.0
D1,14/12/13,Hoffenheim,Dortmund,2,2,D,2,1,14,16,4,8,19,13,2,4,2,3,0,0,4.33,4.0,1.73,4.75,3.9,1.67,4.5,3.7,1.7,4.5,3.5,1.8
D1,14/12/13,Mainz,M'gladbach,0,0,D,0,0,6,10,0,1,6,8,1,4,0,2,0,0,2.75,3.3,2.5,2.8,3.3,2.45,2.65,3.3,2.5,2.7,3.1,2.7
D1,14/12/13,Wolfsburg,Stuttgart,3,1,H,1,0,12,9,6,4,18,21,2,4,2,2,0,0,1.75,3.75,4.5,1.75,3.8,4.25,1.75,3.5,4.5,1.83,3.4,4.5
D1,15/12/13,Leverkusen,Ein Frankfurt,0,1,A,0,0,15,16,7,5,15,23,8,4,4,3,0,0,1.44,4.33,7.0,1.48,4.75,5.5,1.45,4.2,6.5,1.53,3.75,7.0
D1,15/12/13,Schalke 04,Freiburg,2,0,H,1,0,13,8,4,1,17,19,8,4,0,3,0,0,1.4,4.5,8.0,1.44,5.0,6.0,1.4,4.7,6.6,1.4,4.5,8.0
D1,20/12/13,Ein Frankfurt,Augsburg,1,1,D,1,1,5,9,5,3,18,14,4,3,3,2,0,0,2.3,3.4,3.0,2.25,3.5,3.0,2.3,3.3,2.9,2.25,3.3,3.2
D1,21/12/13,Braunschweig,Hoffenheim,1,0,H,1,0,14,16,8,3,17,19,7,8,1,2,1,0,4.0,3.4,1.91,4.0,3.7,1.83,3.5,3.4,2.0,4.2,3.3,1.91
D1,21/12/13,Dortmund,Hertha,1,2,A,1,2,20,6,5,4,20,19,5,0,2,3,0,0,1.36,5.0,7.5,1.36,5.25,7.0,1.4,4.4,7.3,1.36,4.8,8.0
D1,21/12/13,Freiburg,Hannover,2,1,H,2,0,11,20,3,6,16,13,0,1,1,2,0,0,2.45,3.3,2.8,2.5,3.4,2.7,2.5,3.4,2.6,2.6,3.1,2.8
D1,21/12/13,Hamburg,Mainz,2,3,A,1,0,18,13,8,7,21,13,5,3,1,1,1,0,2.1,3.5,3.3,2.05,3.5,3.4,2.0,3.4,3.5,2.1,3.2,3.6
D1,21/12/13,Nurnberg,Schalke 04,0,0,D,0,0,15,8,4,2,14,19,9,4,0,0,0,0,3.4,3.5,2.05,3.4,3.5,2.05,3.6,3.3,2.0,3.2,3.4,2.2
D1,21/12/13,Werder Bremen,Leverkusen,1,0,H,0,0,11,22,3,5,14,10,5,9,2,3,0,0,4.5,3.75,1.73,4.5,3.8,1.72,4.2,3.5,1.8,4.5,3.5,1.8
D1,22/12/13,M'gladbach,Wolfsburg,2,2,D,0,0,14,18,4,13,10,12,4,4,1,3,0,0,2.1,3.4,3.4,2.15,3.4,3.3,2.0,3.3,3.6,2.2,3.4,3.2
D1,24/01/14,M'gladbach,Bayern Munich,0,2,A,0,1,10,24,5,13,12,9,5,5,2,1,0,0,6.5,4.5,1.44,6.75,4.75,1.42,5.4,3.7,1.6,7.5,4.6,1.4
D1,25/01/14,Dortmund,Augsburg,2,2,D,1,0,18,6,4,1,17,25,5,1,2,2,0,0,1.29,5.5,9.5,1.33,5.5,7.5,1.33,5.0,8.0,1.33,5.0,9.0
D1,25/01/14,Ein Frankfurt,Hertha,1,0,H,1,0,5,7,1,2,20,23,1,2,2,3,0,0,2.38,3.4,2.88,2.35,3.4,2.9,2.45,3.3,2.7,2.4,3.1,3.1
D1,25/01/14,Freiburg,Leverkusen,3,2,H,1,2,13,15,5,8,14,10,4,8,2,1,0,0,4.5,3.75,1.73,4.4,3.75,1.75,4.5,3.5,1.75,5.0,3.4,1.75
D1,25/01/14,Nurnberg,Hoffenheim,4,0,H,2,0,16,12,7,3,19,25,3,3,1,3,0,0,2.6,3.4,2.63,2.55,3.6,2.55,2.4,3.3,2.75,2.62,3.1,2.75
D1,25/01/14,Stuttgart,Mainz,1,2,A,1,1,14,10,5,4,17,13,5,3,1,2,0,0,2.05,3.4,3.5,2.0,3.5,3.6,2.1,3.3,3.3,2.1,3.3,3.5
D1,25/01/14,Wolfsburg,Hannover,1,3,A,1,1,24,10,8,6,14,17,7,3,2,1,0,0,1.55,4.2,5.5,1.57,4.0,5.5,1.65,3.7,4.9,1.6,3.6,6.0
D1,26/01/14,Hamburg,Schalke 04,0,3,A,0,1,11,12,3,9,9,23,3,3,0,2,0,0,2.7,3.6,2.4,2.8,3.5,2.35,2.65,3.3,2.5,2.8,3.2,2.5
D1,26/01/14,Werder Bremen,Braunschweig,0,0,D,0,0,12,7,3,2,20,17,6,3,2,2,0,0,1.85,3.5,4.2,1.75,3.7,4.5,1.7,3.7,4.5,1.85,3.4,4.33
D1,29/01/14,Stuttgart,Bayern Munich,1,2,A,1,0,11,24,3,7,13,10,2,8,5,3,0,0,10.0,6.0,1.25,9.0,6.5,1.25,7.6,4.8,1.35,11.0,5.0,1.29
D1,31/01/14,Braunschweig,Dortmund,1,2,A,0,1,16,20,5,6,18,17,7,8,0,1,0,0,10.0,5.5,1.29,9.25,5.75,1.28,7.3,4.4,1.4,10.0,5.5,1.29
D1,01/02/14,Augsburg,Werder Bremen,3,1,H,1,1,20,4,5,0,11,20,6,4,1,3,0,1,1.67,3.75,5.0,1.67,3.9,4.75,1.75,3.5,4.5,1.75,3.4,5.0
D1,01/02/14,Hannover,M'gladbach,3,1,H,0,0,16,12,6,6,9,14,7,7,1,2,0,0,2.7,3.4,2.5,2.65,3.4,2.55,2.6,3.2,2.6,2.7,3.1,2.7
D1,01/02/14,Hoffenheim,Hamburg,3,0,H,2,0,14,7,7,0,26,14,7,5,0,1,0,0,2.05,3.4,3.5,2.0,3.75,3.4,2.0,3.4,3.5,2.05,3.4,3.5
D1,01/02/14,Leverkusen,Stuttgart,2,1,H,1,1,11,10,5,3,17,16,4,8,2,2,0,0,1.5,4.2,6.25,1.5,4.4,5.75,1.55,4.0,5.4,1.53,3.75,7.0
D1,01/02/14,Mainz,Freiburg,2,0,H,1,0,13,6,5,1,10,28,5,5,2,2,0,0,1.75,3.75,4.5,1.75,3.7,4.4,1.8,3.5,4.2,1.8,3.5,4.5
D1,01/02/14,Schalke 04,Wolfsburg,2,1,H,1,0,13,10,6,6,16,14,4,6,3,3,0,1,2.0,3.5,3.6,2.0,3.5,3.6,2.0,3.3,3.6,2.05,3.4,3.5
D1,02/02/14,Bayern Munich,Ein Frankfurt,5,0,H,2,0,25,9,14,3,16,12,12,2,0,0,0,0,1.1,10.0,17.0,1.11,9.25,16.5,1.11,8.0,20.0,1.12,8.0,21.0
D1,02/02/14,Hertha,Nurnberg,1,3,A,1,1,13,11,4,4,17,25,3,3,3,3,0,0,1.83,3.6,4.2,1.83,3.6,4.1,1.9,3.5,3.7,1.91,3.3,4.2
D1,07/02/14,M'gladbach,Leverkusen,0,1,A,0,0,14,12,3,3,11,15,4,3,2,4,0,0,2.55,3.3,2.7,2.55,3.5,2.55,2.6,3.2,2.6,2.7,3.25,2.62
D1,08/02/14,Ein Frankfurt,Braunschweig,3,0,H,3,0,19,10,7,1,14,23,10,2,2,1,0,0,1.62,3.75,5.5,1.62,4.0,5.0,1.65,3.6,5.1,1.67,3.5,5.5
D1,08/02/14,Freiburg,Hoffenheim,1,1,D,0,0,11,18,4,4,21,15,3,2,3,2,0,0,2.63,3.5,2.5,2.65,3.5,2.5,2.65,3.3,2.5,2.9,3.1,2.5
D1,08/02/14,Hamburg,Hertha,0,3,A,0,3,14,10,3,4,17,12,8,3,2,0,0,0,2.6,3.4,2.6,2.55,3.5,2.55,2.55,3.3,2.6,2.7,3.1,2.7
D1,08/02/14,Nurnberg,Bayern Munich,0,2,A,0,1,9,18,2,6,26,21,3,5,2,3,0,0,11.0,6.5,1.22,9.25,7.0,1.22,10.0,5.2,1.27,15.0,5.5,1.22
D1,08/02/14,Werder Bremen,Dortmund,1,5,A,0,2,11,15,5,8,18,12,5,9,2,2,0,0,8.0,4.75,1.36,7.0,5.25,1.36,7.3,4.4,1.4,8.5,4.33,1.4
D1,08/02/14,Wolfsburg,Mainz,3,0,H,0,0,17,8,7,2,22,14,4,1,2,2,0,0,1.8,3.6,4.33,1.8,3.7,4.2,1.8,3.5,4.2,1.83,3.4,4.5
D1,09/02/14,Schalke 04,Hannover,2,0,H,2,0,16,6,7,1,10,20,5,0,0,2,0,0,1.57,3.8,6.0,1.57,4.33,5.0,1.5,4.0,6.1,1.62,3.6,6.0
D1,09/02/14,Stuttgart,Augsburg,1,4,A,0,2,16,10,1,5,9,8,5,2,2,0,1,0,2.4,3.4,2.8,2.4,3.4,2.8,2.3,3.3,2.9,2.4,3.1,3.1
D1,14/02/14,Mainz,Hannover,2,0,H,0,0,19,14,8,3,14,11,4,5,1,3,0,0,1.91,3.5,4.0,1.91,3.6,3.75,1.9,3.45,3.8,2.0,3.4,3.75
D1,15/02/14,Bayern Munich,Freiburg,4,0,H,3,0,16,12,7,0,13,11,2,4,3,1,0,0,1.08,10.0,23.0,1.08,11.0,19.5,1.12,8.0,16.0,1.08,10.0,26.0
D1,15/02/14,Braunschweig,Hamburg,4,2,H,0,1,14,18,7,8,14,24,7,8,6,5,0,0,2.75,3.3,2.5,2.65,3.3,2.6,2.6,3.2,2.6,2.7,3.1,2.7
D1,15/02/14,Dortmund,Ein Frankfurt,4,0,H,2,0,21,7,11,1,17,18,6,5,1,3,0,0,1.25,6.0,10.0,1.28,6.25,8.25,1.3,5.0,9.0,1.3,5.5,9.0
D1,15/02/14,Hoffenheim,Stuttgart,4,1,H,1,0,13,13,8,4,22,20,5,4,3,4,0,1,1.95,3.6,3.6,1.95,3.6,3.7,1.9,3.45,3.8,2.05,3.4,3.6
D1,15/02/14,Leverkusen,Schalke 04,1,2,A,0,1,13,11,5,4,12,16,11,2,4,3,0,0,2.1,3.4,3.4,2.15,3.4,3.3,2.1,3.3,3.3,2.15,3.25,3.5
D1,15/02/14,Werder Bremen,M'gladbach,1,1,D,0,1,15,17,7,6,10,14,5,10,3,1,0,0,3.5,3.5,2.05,3.5,3.6,2.0,3.3,3.3,2.1,3.6,3.25,2.1
D1,16/02/14,Augsburg,Nurnberg,0,1,A,0,0,18,11,6,2,17,19,6,2,2,3,0,0,1.8,3.6,4.33,1.78,3.7,4.25,1.85,3.45,4.0,1.85,3.4,4.5
D1,16/02/14,Hertha,Wolfsburg,1,2,A,1,0,13,8,4,3,12,16,4,6,0,2,0,0,2.38,3.4,2.88,2.45,3.3,2.8,2.5,3.3,2.65,2.5,3.2,2.88
D1,21/02/14,Schalke 04,Mainz,0,0,D,0,0,16,15,4,8,19,8,4,9,1,2,0,0,1.75,3.6,4.6,1.72,3.8,4.5,1.7,3.6,4.7,1.7,3.75,4.8
D1,22/02/14,Freiburg,Augsburg,2,4,A,1,1,13,18,5,10,14,13,2,4,3,2,0,0,3.1,3.25,2.3,3.0,3.3,2.35,2.75,3.3,2.4,3.1,3.1,2.4
D1,22/02/14,Hamburg,Dortmund,3,0,H,1,0,13,15,6,4,17,19,3,6,2,2,0,0,7.5,5.0,1.36,7.0,5.25,1.36,7.2,4.8,1.37,9.0,4.2,1.4
D1,22/02/14,M'gladbach,Hoffenheim,2,2,D,2,0,13,19,9,7,15,17,6,5,0,1,0,0,1.95,3.6,3.6,1.88,3.6,3.9,1.8,3.6,4.0,1.95,3.3,4.0
D1,22/02/14,Nurnberg,Braunschweig,2,1,H,0,1,6,22,5,6,19,21,3,10,4,2,1,0,1.62,3.75,5.5,1.62,4.0,5.0,1.7,3.6,4.7,1.67,3.4,6.0
D1,22/02/14,Stuttgart,Hertha,1,2,A,1,1,14,9,6,4,22,18,5,8,0,1,0,1,2.63,3.3,2.6,2.6,3.25,2.65,2.4,3.3,2.75,2.7,3.1,2.7
D1,22/02/14,Wolfsburg,Leverkusen,3,1,H,1,1,9,18,5,6,15,19,0,4,1,4,0,0,2.4,3.4,2.8,2.4,3.4,2.8,2.3,3.4,2.85,2.4,3.1,3.1
D1,23/02/14,Ein Frankfurt,Werder Bremen,0,0,D,0,0,21,3,4,0,16,18,14,2,1,3,0,1,1.7,3.75,4.75,1.7,3.8,4.6,1.75,3.5,4.5,1.75,3.4,5.0
D1,23/02/14,Hannover,Bayern Munich,0,4,A,0,2,8,14,3,7,10,11,6,4,2,1,0,0,10.0,7.0,1.22,10.0,6.0,1.25,9.0,6.0,1.25,12.0,5.5,1.25
D1,28/02/14,Hertha,Freiburg,0,0,D,0,0,9,7,2,5,11,14,4,4,0,0,0,0,1.62,3.75,5.5,1.62,4.0,5.0,1.67,3.55,5.0,1.62,3.6,6.0
D1,01/03/14,Augsburg,Hannover,1,1,D,0,1,16,10,5,2,14,17,7,2,2,3,0,0,1.75,3.6,4.75,1.75,3.8,4.2,1.75,3.5,4.5,1.8,3.5,4.5
D1,01/03/14,Bayern Munich,Schalke 04,5,1,H,4,0,22,10,12,4,8,12,14,4,1,0,0,1,1.18,7.0,13.0,1.18,7.5,11.5,1.2,6.0,12.5,1.2,6.0,15.0
D1,01/03/14,Braunschweig,M'gladbach,1,1,D,0,1,20,12,3,4,12,14,9,5,1,3,0,0,4.0,3.5,1.91,3.0,3.5,1.87,4.0,3.45,1.85,4.0,3.3,1.95
D1,01/03/14,Dortmund,Nurnberg,3,0,H,0,0,28,4,9,2,9,13,8,1,0,2,0,0,1.22,6.5,11.0,1.26,6.5,8.5,1.27,5.5,9.0,1.29,5.0,12.0
D1,01/03/14,Leverkusen,Mainz,0,1,A,0,1,19,9,8,3,19,13,7,0,4,1,0,0,1.75,3.8,4.33,1.75,3.75,4.5,1.75,3.5,4.5,1.8,3.5,4.5
D1,01/03/14,Werder Bremen,Hamburg,1,0,H,1,0,15,11,7,4,25,17,4,5,2,2,0,0,2.63,3.5,2.5,2.65,3.6,2.6,2.55,3.4,2.55,2.8,3.1,2.62
D1,02/03/14,Ein Frankfurt,Stuttgart,2,1,H,0,1,13,13,6,4,23,16,8,5,1,1,0,0,2.1,3.5,3.3,2.15,3.6,3.4,2.0,3.3,3.6,2.2,3.3,3.3
D1,02/03/14,Hoffenheim,Wolfsburg,6,2,H,4,1,17,6,12,5,15,21,4,3,0,2,0,1,2.6,3.4,2.6,2.75,3.6,2.5,2.75,3.3,2.4,2.7,3.1,2.7
D1,08/03/14,Hamburg,Ein Frankfurt,1,1,D,0,1,15,7,9,2,15,12,3,3,3,3,0,0,2.5,3.3,2.75,2.3,3.5,2.9,2.5,3.3,2.65,2.6,3.3,2.62
D1,08/03/14,Hannover,Leverkusen,1,1,D,1,1,19,9,7,1,5,14,9,2,1,1,0,0,3.0,3.4,2.3,3.1,3.4,2.25,2.9,3.3,2.3,2.75,3.5,2.4
D1,08/03/14,M'gladbach,Augsburg,1,2,A,1,1,15,19,8,4,9,11,3,6,0,0,0,0,2.3,3.25,3.1,2.15,3.4,3.25,2.1,3.3,3.3,2.38,3.4,2.88
D1,08/03/14,Nurnberg,Werder Bremen,0,2,A,0,1,15,12,4,5,17,11,6,2,3,4,0,0,1.91,3.5,4.0,1.85,3.7,3.9,1.85,3.45,4.0,1.95,3.5,3.75
D1,08/03/14,Schalke 04,Hoffenheim,4,0,H,2,0,24,10,9,2,19,18,4,3,3,3,0,0,1.75,4.0,4.2,1.75,3.9,4.25,1.8,3.6,4.0,1.83,3.75,4.0
D1,08/03/14,Stuttgart,Braunschweig,2,2,D,2,1,14,11,4,3,18,15,11,6,2,3,0,0,1.67,3.8,5.0,1.62,4.0,5.0,1.65,3.8,4.7,1.73,4.0,4.2
D1,08/03/14,Wolfsburg,Bayern Munich,1,6,A,1,1,12,18,3,12,15,9,5,3,1,0,0,0,9.0,5.75,1.29,8.5,5.5,1.3,8.0,5.0,1.33,7.5,5.5,1.33
D1,09/03/14,Freiburg,Dortmund,0,1,A,0,0,10,12,0,4,7,12,1,5,1,2,0,0,9.0,5.0,1.33,7.25,5.25,1.35,7.1,4.8,1.37,8.0,4.5,1.4
D1,09/03/14,Mainz,Hertha,1,1,D,0,0,16,12,6,9,13,14,5,4,2,2,0,0,2.2,3.2,3.4,2.15,3.4,3.3,2.2,3.3,3.1,2.25,3.2,3.3
D1,14/03/14,Augsburg,Schalke 04,1,2,A,1,1,21,10,3,4,14,23,12,6,3,5,0,0,2.25,3.3,3.1,2.4,3.5,2.75,2.6,3.2,2.6,2.3,3.3,3.1
D1,15/03/14,Bayern Munich,Leverkusen,2,1,H,1,0,23,6,8,3,11,18,12,6,2,3,0,0,1.14,8.0,15.0,1.15,8.0,13.5,1.17,7.0,13.0,1.17,6.5,17.0
D1,15/03/14,Braunschweig,Wolfsburg,1,1,D,0,1,8,11,2,2,15,22,3,4,1,4,0,0,3.8,3.6,1.91,3.9,3.7,1.85,3.6,3.45,1.95,4.2,3.2,1.95
D1,15/03/14,Dortmund,M'gladbach,1,2,A,0,2,25,7,7,3,11,11,8,3,1,0,0,1,1.36,5.0,7.5,1.36,5.0,7.75,1.37,4.8,7.2,1.4,4.5,8.0
D1,15/03/14,Hertha,Hannover,0,3,A,0,0,16,7,5,3,8,17,6,1,1,2,0,0,1.91,3.5,4.0,1.85,3.7,4.0,1.85,3.45,4.0,1.95,3.2,4.2
D1,15/03/14,Hoffenheim,Mainz,2,4,A,0,0,22,11,12,7,16,15,11,1,1,1,0,0,2.2,3.5,3.1,2.15,3.5,3.2,2.2,3.3,3.1,2.25,3.3,3.2
D1,15/03/14,Werder Bremen,Stuttgart,1,1,D,0,0,10,16,3,3,18,19,2,9,2,3,0,0,2.5,3.4,2.7,2.45,3.5,2.7,2.3,3.3,2.9,2.5,3.2,2.8
D1,16/03/14,Ein Frankfurt,Freiburg,1,4,A,0,1,26,7,10,5,19,17,12,1,2,5,0,0,1.83,3.6,4.2,1.83,3.7,4.0,1.85,3.45,4.0,1.85,3.3,4.5
D1,16/03/14,Hamburg,Nurnberg,2,1,H,0,0,26,9,13,4,12,18,10,5,0,2,0,0,2.2,3.4,3.2,2.15,3.5,3.2,2.2,3.3,3.1,2.25,3.2,3.3
D1,21/03/14,Freiburg,Werder Bremen,3,1,H,1,0,14,7,3,3,19,15,5,4,1,2,0,0,2.2,3.3,3.25,2.25,3.4,3.1,2.3,3.3,2.9,2.2,3.4,3.2
D1,22/03/14,Hannover,Dortmund,0,3,A,0,1,9,15,3,5,12,16,5,3,1,1,0,0,4.75,4.0,1.67,4.75,4.1,1.65,4.9,3.7,1.65,5.0,3.6,1.7
D1,22/03/14,Mainz,Bayern Munich,0,2,A,0,0,4,23,1,8,13,11,2,9,1,0,0,0,11.0,6.5,1.22,9.75,6.0,1.25,10.0,5.2,1.27,12.0,5.0,1.29
D1,22/03/14,M'gladbach,Hertha,3,0,H,3,0,8,8,4,2,7,12,4,5,1,1,0,0,2.0,3.4,3.75,2.0,3.6,3.5,1.9,3.45,3.8,2.05,3.2,3.8
D1,22/03/14,Schalke 04,Braunschweig,3,1,H,1,0,32,11,11,4,14,20,14,4,1,3,0,0,1.4,4.75,7.0,1.4,4.6,7.5,1.37,4.6,7.5,1.44,4.33,7.0
D1,22/03/14,Stuttgart,Hamburg,1,0,H,0,0,12,6,3,1,18,13,5,2,1,0,0,1,2.0,3.5,3.6,2.05,3.7,3.25,2.2,3.3,3.1,2.1,3.4,3.4
D1,22/03/14,Wolfsburg,Augsburg,1,1,D,0,1,10,12,1,2,23,11,6,3,1,1,1,0,2.1,3.5,3.3,2.05,3.5,3.4,1.9,3.45,3.8,2.15,3.2,3.5
D1,23/03/14,Leverkusen,Hoffenheim,2,3,A,1,2,12,12,5,7,15,18,6,2,1,2,0,0,1.73,3.8,4.5,1.75,4.1,4.0,1.8,3.5,4.2,1.75,3.6,4.5
D1,23/03/14,Nurnberg,Ein Frankfurt,2,5,A,0,1,13,23,4,9,19,15,2,5,0,1,1,0,2.4,3.3,2.88,2.4,3.4,2.8,2.3,3.3,2.9,2.5,3.2,2.8
D1,25/03/14,Braunschweig,Mainz,3,1,H,2,1,14,12,3,5,16,25,6,7,2,1,0,0,3.4,3.4,2.1,3.25,3.4,2.15,2.9,3.3,2.3,3.3,3.3,2.2
D1,25/03/14,Hertha,Bayern Munich,1,3,A,0,2,4,13,2,6,13,8,2,3,1,0,0,0,13.0,6.5,1.2,11.0,7.0,1.2,12.0,5.5,1.22,13.0,6.0,1.22
D1,26/03/14,Augsburg,Leverkusen,1,3,A,0,1,22,13,3,7,14,17,10,3,2,2,0,0,2.4,3.4,2.88,2.5,3.3,2.75,2.5,3.3,2.65,2.45,3.25,2.9
D1,26/03/14,Ein Frankfurt,M'gladbach,1,0,H,1,0,14,9,4,2,11,12,11,7,3,1,0,0,2.6,3.3,2.63,2.7,3.4,2.5,2.6,3.2,2.6,2.62,3.4,2.6
D1,26/03/14,Hamburg,Freiburg,1,1,D,0,0,21,11,5,4,17,15,6,3,1,2,0,0,2.1,3.4,3.4,2.05,3.5,3.4,2.1,3.3,3.3,2.05,3.6,3.4
D1,26/03/14,Hoffenheim,Hannover,3,1,H,1,1,20,8,8,1,16,15,5,1,1,1,0,1,1.91,3.75,3.6,1.87,3.6,4.0,2.0,3.3,3.6,1.91,4.0,3.5
D1,26/03/14,Nurnberg,Stuttgart,2,0,H,1,0,11,13,5,5,17,11,6,4,1,1,0,0,2.75,3.4,2.45,2.65,3.4,2.55,2.55,3.35,2.55,2.62,3.4,2.6
D1,28/03/14,Schalke 04,Hertha,2,0,H,1,0,13,11,4,1,17,19,1,4,1,1,0,0,1.8,3.6,4.25,1.78,3.7,4.25,1.67,3.55,5.0,1.83,3.6,4.2
D1,29/03/14,Bayern Munich,Hoffenheim,3,3,D,3,2,11,20,6,9,13,18,3,1,1,2,0,0,1.14,8.0,15.0,1.17,8.25,11.0,1.15,7.0,15.0,1.17,7.0,15.0
D1,29/03/14,Freiburg,Nurnberg,3,2,H,1,2,14,9,7,2,16,22,8,4,2,3,0,1,2.15,3.3,3.4,2.15,3.3,3.4,2.1,3.3,3.3,2.2,3.1,3.5
D1,29/03/14,Leverkusen,Braunschweig,1,1,D,0,0,15,9,4,2,16,13,7,1,2,1,0,0,1.33,5.25,8.0,1.36,5.25,7.0,1.4,4.4,7.3,1.4,4.5,8.0
D1,29/03/14,Mainz,Augsburg,3,0,H,2,0,14,12,7,4,14,20,5,8,1,2,0,0,2.38,3.25,3.0,2.4,3.4,2.85,2.3,3.3,2.9,2.4,3.1,3.1
D1,29/03/14,Stuttgart,Dortmund,2,3,A,2,1,11,17,3,5,15,14,2,9,0,2,1,0,4.75,4.0,1.67,4.5,4.0,1.7,4.5,3.7,1.7,4.8,3.5,1.75
D1,29/03/14,Wolfsburg,Ein Frankfurt,2,1,H,0,1,22,11,9,4,19,19,4,3,2,4,0,0,1.83,3.6,4.2,1.8,3.75,4.1,1.8,3.5,4.2,1.8,3.5,4.5
D1,30/03/14,Hannover,Werder Bremen,1,2,A,1,0,9,11,4,8,19,13,10,8,1,1,0,0,1.91,3.6,3.8,1.83,3.6,4.1,1.9,3.45,3.8,1.91,3.4,4.0
D1,30/03/14,M'gladbach,Hamburg,3,1,H,1,1,17,17,9,7,11,15,6,10,0,1,0,0,1.75,3.75,4.5,1.72,3.9,4.33,1.75,3.5,4.5,1.75,3.4,5.0
D1,04/04/14,Hamburg,Leverkusen,2,1,H,1,0,18,19,5,8,16,15,4,14,1,1,0,0,3.3,3.5,2.1,3.3,3.7,2.05,3.0,3.3,2.25,3.25,3.4,2.15
D1,05/04/14,Augsburg,Bayern Munich,1,0,H,1,0,11,16,7,2,16,13,3,4,3,2,0,0,7.5,5.0,1.36,7.5,5.0,1.36,7.3,4.4,1.4,9.0,3.8,1.44
D1,05/04/14,Dortmund,Wolfsburg,2,1,H,0,1,10,19,5,3,15,14,7,2,2,1,0,0,1.44,4.5,6.5,1.48,4.75,5.5,1.47,4.0,6.6,1.5,4.33,6.0
D1,05/04/14,Ein Frankfurt,Mainz,2,0,H,0,0,14,17,7,5,11,18,2,6,3,4,0,0,2.5,3.3,2.8,2.4,3.5,2.75,2.4,3.3,2.75,2.5,3.1,2.9
D1,05/04/14,Nurnberg,M'gladbach,0,2,A,0,1,14,15,3,6,7,16,8,5,1,2,0,0,3.3,3.4,2.15,3.25,3.4,2.15,3.0,3.3,2.25,3.4,3.1,2.25
D1,05/04/14,Stuttgart,Freiburg,2,0,H,0,0,12,18,5,8,13,17,3,6,2,1,0,0,1.8,3.75,4.2,1.83,3.75,4.0,2.0,3.3,3.6,1.8,3.6,4.33
D1,05/04/14,Werder Bremen,Schalke 04,1,1,D,1,1,19,9,5,5,17,20,9,4,1,2,0,0,3.6,3.6,1.95,3.7,3.7,1.91,3.3,3.3,2.1,3.75,3.2,2.05
D1,06/04/14,Braunschweig,Hannover,3,0,H,2,0,11,11,3,2,17,16,5,6,2,2,0,1,2.5,3.3,2.75,2.6,3.3,2.65,2.4,3.3,2.75,2.62,3.1,2.8
D1,06/04/14,Hertha,Hoffenheim,1,1,D,1,1,11,11,5,3,19,17,3,4,1,2,0,0,2.38,3.6,2.7,2.4,3.6,2.7,2.55,3.35,2.55,2.3,3.2,3.1
D1,11/04/14,Schalke 04,Ein Frankfurt,2,0,H,0,0,22,10,8,3,15,14,4,5,1,0,0,0,1.67,3.75,5.0,1.67,3.8,4.75,1.65,3.6,5.1,1.67,4.0,4.75
D1,12/04/14,Bayern Munich,Dortmund,0,3,A,0,1,14,9,3,6,17,13,12,2,2,2,1,0,1.5,4.33,6.0,1.55,4.4,5.0,1.65,3.8,4.8,1.57,3.8,6.0
D1,12/04/14,Freiburg,Braunschweig,2,0,H,1,0,18,13,8,4,15,20,3,3,2,4,0,0,2.1,3.4,3.4,2.0,3.5,3.5,2.0,3.3,3.6,2.1,3.3,3.5
D1,12/04/14,Hannover,Hamburg,2,1,H,1,0,31,5,15,3,20,16,5,2,0,1,0,0,2.4,3.4,2.8,2.45,3.5,2.65,2.3,3.4,2.85,2.5,3.2,2.8
D1,12/04/14,Mainz,Werder Bremen,3,0,H,3,0,23,9,5,2,12,17,3,12,0,4,0,0,1.8,3.6,4.33,1.78,3.8,4.1,1.8,3.5,4.2,1.8,3.5,4.5
D1,12/04/14,M'gladbach,Stuttgart,1,1,D,0,1,14,17,4,4,12,14,6,5,1,3,0,0,1.95,3.5,3.8,1.85,3.7,3.9,1.85,3.45,4.0,1.95,3.3,4.0
D1,12/04/14,Wolfsburg,Nurnberg,4,1,H,2,1,24,5,8,1,13,13,11,2,0,2,0,0,1.57,4.2,5.25,1.6,4.0,5.0,1.65,3.6,5.1,1.62,4.2,5.0
D1,13/04/14,Hoffenheim,Augsburg,2,0,H,2,0,26,23,9,8,22,19,6,11,1,1,0,0,2.4,3.5,2.8,2.35,3.6,2.7,2.3,3.3,2.9,2.4,3.3,2.9
D1,13/04/14,Leverkusen,Hertha,2,1,H,2,1,17,9,4,2,17,13,7,2,1,1,0,0,1.67,3.8,5.0,1.62,3.9,5.0,1.6,3.9,5.0,1.67,3.6,5.5
D1,17/04/14,Ein Frankfurt,Hannover,2,3,A,1,3,14,16,6,7,24,22,3,4,4,4,0,0,2.0,3.5,3.6,1.95,3.6,3.6,2.0,3.1,3.9,2.05,3.6,3.4
D1,19/04/14,Augsburg,Hertha,0,0,D,0,0,10,13,0,4,17,16,3,4,1,3,0,0,1.91,3.5,4.0,1.83,3.6,4.1,1.9,3.45,3.8,1.91,3.5,4.0
D1,19/04/14,Braunschweig,Bayern Munich,0,2,A,0,0,7,12,1,3,19,16,2,3,2,1,0,0,6.5,5.0,1.4,7.25,4.6,1.4,6.1,4.0,1.5,7.0,5.0,1.4
D1,19/04/14,Dortmund,Mainz,4,2,H,2,1,30,9,11,2,9,18,12,2,1,1,0,1,1.36,5.0,7.5,1.34,5.6,7.0,1.35,4.8,7.6,1.36,5.0,8.0
D1,19/04/14,Freiburg,M'gladbach,4,2,H,0,1,15,14,7,4,8,9,5,5,2,1,0,1,3.2,3.4,2.2,2.95,3.5,2.25,2.85,3.4,2.3,3.25,3.4,2.2
D1,19/04/14,Hamburg,Wolfsburg,1,3,A,0,2,14,16,3,7,18,16,4,7,1,0,0,1,2.9,3.5,2.3,2.8,3.6,2.3,2.6,3.4,2.5,3.0,3.4,2.3
D1,19/04/14,Werder Bremen,Hoffenheim,3,1,H,1,1,12,14,7,3,11,24,8,6,1,3,0,0,2.8,3.6,2.3,2.95,3.6,2.2,2.65,3.3,2.5,2.9,3.6,2.3
D1,20/04/14,Nurnberg,Leverkusen,1,4,A,1,1,9,15,6,7,15,14,3,8,1,1,0,0,3.75,3.6,1.91,3.9,3.6,1.87,3.7,3.5,1.9,3.8,3.6,1.91
D1,20/04/14,Stuttgart,Schalke 04,3,1,H,1,0,12,14,4,3,23,13,2,3,2,3,0,0,2.63,3.5,2.5,2.8,3.5,2.3,2.55,3.35,2.55,2.62,3.5,2.5
D1,25/04/14,Hannover,Stuttgart,0,0,D,0,0,9,6,2,3,15,15,2,5,2,2,0,0,2.7,3.4,2.5,2.6,3.5,2.5,3.0,3.1,2.4,2.75,3.4,2.5
D1,26/04/14,Bayern Munich,Werder Bremen,5,2,H,1,2,23,7,11,3,11,13,13,5,1,1,0,0,1.2,7.0,11.0,1.22,7.0,9.5,1.22,5.5,12.0,1.22,6.0,12.0
D1,26/04/14,Hertha,Braunschweig,2,0,H,0,0,20,7,11,1,14,18,8,3,0,0,0,0,2.0,3.5,3.6,1.95,3.6,3.6,2.05,3.3,3.5,2.0,3.2,4.0
D1,26/04/14,Hoffenheim,Ein Frankfurt,0,0,D,0,0,18,8,5,3,18,13,3,2,0,4,1,0,1.91,3.75,3.6,1.9,3.7,3.7,1.9,3.45,3.8,1.95,3.5,3.8
D1,26/04/14,Leverkusen,Dortmund,2,2,D,2,2,16,14,5,6,14,9,7,5,1,1,0,0,3.0,3.5,2.25,2.9,3.6,2.25,2.75,3.3,2.4,3.1,3.3,2.3
D1,26/04/14,Mainz,Nurnberg,2,0,H,2,0,18,13,5,1,6,11,8,7,0,2,0,0,1.62,4.0,5.25,1.62,4.0,5.0,1.65,3.6,5.1,1.67,3.5,5.5
D1,26/04/14,Wolfsburg,Freiburg,2,2,D,1,0,23,13,7,7,13,14,11,7,2,2,0,0,1.44,4.75,6.0,1.45,4.75,5.75,1.42,4.4,7.0,1.44,4.5,7.0
D1,27/04/14,Augsburg,Hamburg,3,1,H,3,1,15,19,5,5,16,19,4,5,1,2,0,0,1.85,3.6,4.0,1.85,3.7,3.9,1.9,3.45,3.8,1.83,3.5,4.2
D1,27/04/14,Schalke 04,M'gladbach,0,1,A,0,1,17,12,6,6,11,1,12,9,2,0,0,0,2.0,3.6,3.5,1.91,3.7,3.6,1.9,3.45,3.8,1.95,3.5,3.8
D1,03/05/14,Braunschweig,Augsburg,0,1,A,0,0,17,24,6,10,21,21,7,9,2,2,0,0,2.75,3.5,2.4,2.6,3.7,2.4,2.4,3.5,2.65,2.8,3.2,2.5
D1,03/05/14,Dortmund,Hoffenheim,3,2,H,3,1,16,12,10,4,16,23,5,5,0,1,0,0,1.36,5.5,7.0,1.36,5.5,6.5,1.37,5.0,6.7,1.36,5.0,8.0
D1,03/05/14,Ein Frankfurt,Leverkusen,0,2,A,0,2,6,21,2,5,16,13,3,5,2,1,0,0,4.2,4.0,1.75,4.2,3.8,1.75,4.5,4.0,1.65,4.2,3.75,1.8
D1,03/05/14,Freiburg,Schalke 04,0,2,A,0,1,10,26,1,6,11,11,3,5,2,2,0,1,3.6,3.6,1.95,3.5,3.7,1.95,3.5,3.4,2.0,3.75,3.3,2.0
D1,03/05/14,Hamburg,Bayern Munich,1,4,A,0,1,10,18,5,8,14,7,2,5,1,1,0,1,7.0,5.25,1.36,6.5,5.5,1.36,5.2,4.5,1.5,6.5,5.0,1.4
D1,03/05/14,M'gladbach,Mainz,3,1,H,1,0,7,18,4,4,8,11,3,6,0,0,0,0,1.85,3.8,3.8,1.87,3.75,3.7,1.85,3.5,3.9,1.83,3.8,4.0
D1,03/05/14,Nurnberg,Hannover,0,2,A,0,1,15,14,8,7,12,18,8,5,3,1,0,0,2.1,3.6,3.25,1.95,3.7,3.5,1.85,3.6,3.8,2.1,3.4,3.4
D1,03/05/14,Stuttgart,Wolfsburg,1,2,A,0,1,6,13,2,6,11,15,2,5,1,1,0,0,2.7,3.6,2.4,2.65,3.6,2.4,2.75,3.3,2.4,2.8,3.2,2.5
D1,03/05/14,Werder Bremen,Hertha,2,0,H,0,0,12,11,4,4,18,17,5,11,3,1,0,0,2.63,3.5,2.5,2.6,3.5,2.5,2.4,3.4,2.7,2.8,3.2,2.5
D1,10/05/14,Augsburg,Ein Frankfurt,2,1,H,1,1,17,7,7,2,12,12,5,5,0,2,0,0,1.53,4.33,5.5,1.5,4.75,5.25,1.5,4.2,5.7,1.57,3.8,6.0
D1,10/05/14,Bayern Munich,Stuttgart,1,0,H,0,0,24,8,6,2,11,14,12,2,2,2,0,0,1.2,7.0,11.0,1.19,7.75,9.75,1.2,6.5,11.0,1.22,6.0,12.0
D1,10/05/14,Hannover,Freiburg,3,2,H,1,0,19,12,9,7,19,9,8,4,1,2,0,0,2.0,3.6,3.5,1.91,3.8,3.5,1.85,3.5,3.9,2.0,3.4,3.75
D1,10/05/14,Hertha,Dortmund,0,4,A,0,2,10,13,5,7,18,12,9,0,2,0,0,0,5.25,4.5,1.53,5.25,4.6,1.5,5.5,4.3,1.5,5.5,4.33,1.53
D1,10/05/14,Hoffenheim,Braunschweig,3,1,H,1,0,16,6,8,2,17,14,5,2,3,0,0,0,1.67,4.5,4.2,1.65,4.6,4.0,1.7,4.1,4.0,1.75,4.0,4.0
D1,10/05/14,Leverkusen,Werder Bremen,2,1,H,1,1,14,8,6,2,16,9,8,4,2,0,0,0,1.25,6.5,9.0,1.25,6.75,8.5,1.22,6.0,10.5,1.29,5.0,11.0
D1,10/05/14,Mainz,Hamburg,3,2,H,1,1,13,20,6,7,14,14,4,8,0,0,0,0,1.83,4.0,3.75,1.8,4.25,3.6,1.75,4.0,3.8,1.85,3.8,3.8
D1,10/05/14,Schalke 04,Nurnberg,4,1,H,2,0,22,11,11,4,12,20,7,3,0,5,0,0,1.29,5.5,9.5,1.3,6.0,7.5,1.25,6.5,8.0,1.3,6.0,8.0
D1,10/05/14,Wolfsburg,M'gladbach,3,1,H,1,0,19,13,10,3,9,10,7,8,2,4,0,0,1.83,4.0,3.75,1.83,4.0,3.6,1.8,3.8,3.8,1.85,3.6,4.0
